LAT|LON|ROW|COL|ID|DATE|DPY|FUEL_SOLD_REG_MONTH|FUEL SOLD GAL/YEAR|GROWRATE|YEARNUMBER|STORAGE_VOC_(LB/YR)|STORAGE VOC (TON/YR)|STORAGE VOC (TON/DAY)
4.5889426036|-74.0903259825|30.0|23.0|1.0|40717.0|365.0|60000.0|720000.0|0.005|1.0|2295.2156221|1.04110769898|0.00285234986022
4.58424001795|-74.0979533844|29.0|22.0|2.0|39468.0|365.0|14000.0|168000.0|0.005|4.0|77.1315210975|0.0349867871566|9.58542113879e-05
4.5891819435|-74.0911845442|30.0|23.0|3.0|41359.0|365.0|90000.0|1080000.0|0.005|-1.0|4854.34424555|2.20192609308|0.00603267422762
4.58638886454|-74.0963337274|29.0|22.0|4.0|41258.0|365.0|40000.0|480000.0|0.005|0.0|1859.89627871|0.843647244479|0.00231136231364
4.60200934201|-74.0920277965|30.0|24.0|5.0|38986.0|339.0|46800.0|561600.0|0.005|6.0|2272.24634688|1.03068885683|0.00304038010864
4.59195555556|-74.0900083333|30.0|23.0|6.0|41242.0|365.0|86000.0|1032000.0|0.005|0.0|3426.43336492|1.55422702857|0.00425815624267
4.58286882717|-74.0897784459|37.0|38.0|7.0|40683.0|365.0|143000.0|1716000.0|0.005|1.0|7364.23686289|3.34041108001|0.00915181117812
4.59441538612|-74.1120648448|28.0|23.0|8.0|40913.0|365.0|90000.0|1080000.0|0.005|0.0|3048.75339433|1.38291174066|0.00378879928947
4.59119533239|-74.0989096392|29.0|23.0|9.0|40781.0|365.0|20000.0|240000.0|0.005|1.0|1263.14101646|0.572959605397|0.00156975234355
4.58966388889|-74.1096805556|28.0|23.0|10.0|41451.0|365.0|50000.00003|600000.00036|0.005|-1.0|2059.6746535|0.934266531871|0.00255963433389
4.67693888889|-74.0859444444|31.0|32.0|11.0|41197.0|365.0|148000.0|1776000.0|0.005|0.0|5645.6750118|2.56087300215|0.00701609041684
4.66883822653|-74.0796064124|31.0|32.0|12.0|40811.0|365.0|56766.6666667|681200.0|0.005|1.0|2423.6208151|1.09935217664|0.00301192377162
4.66784863834|-74.0727595533|32.0|31.0|13.0|40811.0|365.0|54300.0|651600.0|0.005|1.0|2467.91659662|1.11944470247|0.00306697178759
4.6556342142|-74.065054957|33.0|30.0|14.0|41474.0|365.0|100000.0|1200000.0|0.005|-1.0|3063.74097391|1.38971009299|0.00380742491231
4.67015414987|-74.0708161313|32.0|32.0|15.0|41896.0|365.0|56766.6666667|681200.0|0.005|-2.0|3693.74804495|1.67548072202|0.00459035814251
4.66582259969|-74.0744104437|32.0|31.0|16.0|41020.0|365.0|105000.0|1260000.0|0.005|0.0|3252.1175305|1.47515752611|0.00404152746881
4.64936070194|-74.0701365242|32.0|29.0|17.0|40569.0|365.0|52000.0|624000.0|0.005|1.0|3648.96973866|1.61318588842|0.00441968736555
4.60336847226|-74.1006420791|29.0|24.0|18.0|40525.0|365.0|109000.0|1308000.0|0.005|2.0|5105.6130461|2.31590139033|0.00634493531596
4.61828073539|-74.1863303079|19.0|26.0|19.0|41139.0|365.0|20000.0|240000.0|0.005|0.0|527.405933163|0.239230847079|0.0006554269783
4.61286666667|-74.1944361111|19.0|25.0|20.0||365.0|60300.0|723600.0|0.005|0.0|1533.04294067|0.695386870425|0.00190516950801
4.60902924601|-74.2031256668|18.0|25.0|21.0|40734.0|365.0|100000.0|1200000.0|0.005|1.0|1493.55290793|0.6780730202|0.00185773430192
4.63403888889|-74.2059583333|17.0|28.0|22.0|38219.0|365.0|60300.0|723600.0|0.005|8.0|1252.83038682|0.568282713257|0.00155693894043
4.62939444444|-74.1945222222|19.0|27.0|23.0|38000.0|365.0|60300.0|723600.0|0.005|8.0|1588.29979922|0.720451330731|0.00197383926228
4.60342222222|-74.1950583333|18.0|24.0|24.0|40708.0|365.0|100000.0|1200000.0|0.005|1.0|5204.88842213|2.36093260975|0.00646830851986
4.62934263845|-74.1946369611|19.0|27.0|25.0|41421.0|365.0|60300.0|723600.0|0.005|-1.0|1204.76370598|0.546479710959|0.00149720468756
4.62659444444|-74.1999694444|18.0|27.0|26.0|40672.0|365.0|60300.0|723600.0|0.005|1.0|1044.413024|0.473744788826|0.00129793092829
4.62019166667|-74.1984194444|18.0|26.0|27.0|40549.0|365.0|60300.0|723600.0|0.005|1.0|7.55894285696|0.00343176005706|9.40208234811e-06
4.60318611111|-74.1992972222|18.0|24.0|28.0|41418.0|365.0|90000.0|1080000.0|0.005|-1.0|2643.87290966|1.20031830099|0.00328854329038
4.63055277778|-74.1944111111|19.0|27.0|29.0|41445.0|365.0|37800.0|453600.0|0.005|-1.0|993.759106676|0.450768218433|0.00123498142036
4.61742777778|-74.2090527778|17.0|26.0|30.0|39700.0|365.0|96500.0|1158000.0|0.005|4.0|498.739454441|0.226427712316|0.000620349896757
4.5919295815|-74.0803267612|31.0|23.0|31.0|40545.0|365.0|15000.0|180000.0|0.005|1.0|558.630739523|0.253618355743|0.000694844810256
4.55985267113|-74.1459418613|24.0|19.0|32.0|41543.0|365.0|60000.0|720000.0|0.005|-1.0|1873.27846033|0.849717389777|0.0023279928487
4.56721925547|-74.1444981482|24.0|20.0|33.0|40842.0|365.0|110000.0|1320000.0|0.005|1.0|4211.28479992|1.91192329916|0.00523814602511
4.57481081774|-74.1548508489|23.0|21.0|34.0|41607.0|365.0|54000.0|648000.0|0.005|-1.0|1681.91523781|0.762915207732|0.00209017865132
4.59652222222|-74.1821194444|20.0|24.0|35.0|38888.0|365.0|327997.0|3935964.0|0.005|6.0|6098.60293144|2.76876573087|0.00758565953664
4.58138818611|-74.1521673306|23.0|22.0|36.0|40849.0|365.0|90000.0|1080000.0|0.005|1.0|2811.51971425|1.27530276117|0.0034939801676
4.5727027227|-74.1679213898|21.0|21.0|37.0|41409.0|365.0|31800.0|381600.0|0.005|-1.0|993.403625781|0.450606972626|0.00123453965103
4.56679112972|-74.1441108202|24.0|20.0|38.0|40842.0|365.0|120000.0|1440000.0|0.005|1.0|2771.60008518|1.25719525407|0.00344437055911
4.61154444444|-74.1407138889|24.0|25.0|39.0|41422.0|365.0|57000.0|684000.0|0.005|-1.0|2604.07540936|1.18225023585|0.00323904174205
4.59257521636|-74.1798123797|20.0|23.0|40.0|41512.0|312.0|5500.0|66000.0|0.005|-1.0|1.21340198571|0.000550884501514|1.76565545357e-06
4.63753643414|-74.0631023778|33.0|28.0|41.0|40842.0|365.0|110000.0|1320000.0|0.005|1.0|4397.30660199|1.99461423756|0.00546469654126
4.63260277778|-74.063325|33.0|28.0|42.0|41271.0|365.0|70000.0|840000.0|0.005|0.0|4096.16264547|1.85801561536|0.00509045374072
4.658925|-74.0587583333|34.0|30.0|43.0|40616.0|365.0|73600.0|883200.0|0.005|1.0|4306.73597337|1.95353148357|0.00535214105089
4.651522782|-74.0573462772|34.0|30.0|44.0|40683.0|365.0|160000.0|1920000.0|0.005|1.0|6624.43128027|3.00749180124|0.00823970356505
4.64831559918|-74.0601640314|33.0|29.0|45.0|40751.0|365.0|136088.333333|1633060.0|0.005|1.0|5948.65295597|2.69830351946|0.00739261238208
4.6631366706|-74.0608256413|33.0|31.0|46.0|41487.0|365.0|136088.333333|1633060.0|0.005|-1.0|7781.22660964|3.52955724631|0.0096700198529
4.65275846045|-74.0565420627|34.0|30.0|47.0|39736.0|365.0|52800.0|633600.0|0.005|4.0|2292.95359983|1.04100093432|0.00285205735431
4.68258853806|-74.0442709676|35.0|33.0|48.0|40660.0|365.0|98000.0|1176000.0|0.005|1.0|5145.46039527|2.44083258584|0.00668721256394
4.7091622423|-74.1391137311|25.0|36.0|49.0|41020.0|365.0|29000.0|348000.0|0.005|0.0|1272.58544642|0.577753792673|0.00158288710321
4.70996838658|-74.1391948106|25.0|36.0|50.0|41112.0|365.0|100000.0|1200000.0|0.005|0.0|2300.74229211|1.04453700062|0.00286174520717
4.7168778856|-74.1186191756|27.0|37.0|51.0|40903.0|365.0|208000.0|2496000.0|0.005|1.0|6162.04851929|1.7452179718|0.00478141910082
4.69627446145|-74.0946864559|30.0|35.0|52.0|40677.0|365.0|148050.0|1776600.0|0.005|1.0|6481.13444728|1.96257070148|0.00537690603145
4.6863|-74.0823666667|31.0|33.0|53.0|41010.0|365.0|43000.0|516000.0|0.005|0.0|2546.65466894|1.1561812197|0.00316761977999
4.70744166667|-74.1103555556|28.0|36.0|54.0|41196.0|365.0|119900.0|1438800.0|0.005|0.0|7429.28567943|3.37289569846|0.00924081013277
4.71386388889|-74.0974805556|29.0|37.0|55.0|41010.0|365.0|100000.0|1200000.0|0.005|0.0|3734.238466|1.69384713983|0.00464067709542
4.68108522227|-74.0885281854|30.0|33.0|56.0|41485.0|365.0|67500.0|810000.0|0.005|-1.0|3674.34532573|1.66815277788|0.00457028158324
4.70380555556|-74.1018361111|29.0|35.0|57.0|40947.0|365.0|56000.0|672000.0|0.005|0.0|3051.24440501|1.38526495987|0.00379524646541
4.69435819583|-74.1228681113|26.0|34.0|58.0|41302.0|365.0|90000.0|1080000.0|0.005|-1.0|2220.62825747|1.00816522889|0.0027620965175
4.70485555556|-74.1058638889|28.0|36.0|59.0|40751.0|365.0|15000.0|180000.0|0.005|1.0|658.233851792|0.298838168714|0.000818734708805
4.68182817093|-74.0849764903|31.0|33.0|60.0|40898.0|312.0|12000.0|144000.0|0.005|1.0|2.64742251384|0.00120192982129|3.85233917079e-06
4.71506539719|-74.1435229241|24.0|37.0|61.0|38674.0|365.0|43957.8947368|527494.736842|0.005|7.0|3.44910965581|0.00156589578374|4.2901254349e-06
4.68563611111|-74.0936472222|30.0|33.0|62.0|41157.0|365.0|22500.0|270000.0|0.005|0.0|1224.92389753|0.556115449479|0.00152360397118
4.70358611111|-74.1265444444|26.0|35.0|63.0|40612.0|365.0|14000.0|168000.0|0.005|1.0|762.17486529|0.345721819154|0.000947183066176
4.66401944444|-74.1093916667|28.0|31.0|64.0|41150.0|365.0|10000.0|120000.0|0.005|0.0|742.634800255|0.337156199316|0.000923715614564
4.69738515546|-74.0871789563|30.0|35.0|65.0|41358.0|365.0|24000.0|288000.0|0.005|-1.0|1053.1741634|0.478141070185|0.00130997553475
4.69319542885|-74.1214530554|27.0|34.0|66.0|41169.0|365.0|65200.0|782400.0|0.005|0.0|3627.34609684|1.64681512797|0.0045118222684
4.68609722222|-74.1174527778|27.0|33.0|67.0|38674.0|365.0|4800.0|57600.0|0.005|7.0|2.64742251429|0.00120192982149|3.29295841503e-06
4.6677128237|-74.1416736277|24.0|31.0|68.0|41547.0|365.0|99999.9976382|1199999.97166|0.005|-1.0|2066.61865514|0.937416324643|0.00256826390313
4.71152222222|-74.1545638889|23.0|36.0|69.0|40752.0|365.0|80000.0|960000.0|0.005|1.0|755.892136327|0.343175029893|0.00094020556135
4.68212942105|-74.1554375806|23.0|33.0|70.0|41727.0|365.0|130000.0|1560000.0|0.005|-2.0|1463.11160899|0.664252670482|0.00181987033009
4.6794169799|-74.1509193053|23.0|33.0|71.0|40855.0|365.0|67000.0|804000.0|0.005|1.0|4975.6531627|2.25894653587|0.00618889461881
4.690625|-74.1311388889|26.0|34.0|72.0|40960.0|365.0|115666.666667|1388000.0|0.005|0.0|2381.39155884|1.08019702477|0.00295944390348
4.66250401321|-74.1363866787|25.0|31.0|73.0|40952.0|365.0|380000.0|4560000.0|0.005|0.0|6.986253857|0.00317175925108|8.68975137281e-06
4.67084092852|-74.1444331351|24.0|32.0|74.0|39810.0|365.0|54000.0|648000.0|0.005|4.0|2233.19924624|1.01297712783|0.00277527980227
4.67769166667|-74.1500111111|23.0|33.0|75.0|40811.0|365.0|50000.0|600000.0|0.005|1.0|1714.01674159|0.77816360068|0.00213195507036
4.67705145548|-74.1693157733|21.0|32.0|76.0|41029.0|260.0|15000.0|180000.0|0.005|0.0|3.30927814286|0.00150241227686|5.77850875714e-06
4.6624067308|-74.137756619|25.0|31.0|77.0|41152.0|365.0|129999.0|1559988.0|0.005|0.0|3370.22427799|1.53008182221|0.00419200499235
4.65604166667|-74.1333444444|25.0|30.0|78.0|41201.0|312.0|115666.66|1387999.92|0.005|0.0|24.1157504382|0.0109388822585|3.50605200592e-05
4.64065543033|-74.1158370628|27.0|28.0|79.0|40354.0|365.0|106000.0|1272000.0|0.005|2.0|4166.51057638|1.88992537224|0.00517787773215
4.68475540141|-74.1648505609|22.0|33.0|80.0|41155.0|365.0|115666.666667|1388000.0|0.005|0.0|7.03582919265|0.0031914456623|8.74368674603e-06
4.693857757|-74.1651234739|22.0|34.0|81.0|41585.0|312.0|18000.0|216000.0|0.005|-1.0|3.44661316386|0.00156476237639|5.01526402689e-06
4.68545661515|-74.1577078477|23.0|33.0|82.0|40652.0|365.0|136999.0|1643988.0|0.005|1.0|538.394744907|0.244431214188|0.000669674559418
4.679252|-74.154969|23.0|33.0|83.0|38702.0|365.0|115666.652168|1387999.82602|0.005|7.0|2394.37082259|1.08608440689|0.00297557371751
4.688507|-74.162556|22.0|34.0|84.0|40903.0|365.0|40700.0|488400.0|0.005|1.0|57.1676848302|0.0259312093542|7.10444091896e-05
4.69518611111|-74.1691194444|21.0|34.0|85.0|41282.0|365.0|115666.666667|1388000.0|0.005|-1.0|5.43034157901|0.00246319795473|6.7484875472e-06
4.688976|-74.152464|23.0|34.0|86.0|39742.0|365.0|3500.0|42000.0|0.005|4.0|186.246332105|0.0844811652529|0.000231455247268
4.59554934843|-74.1459851664|24.0|23.0|87.0|40995.0|365.0|147506.1875|1770074.25|0.005|0.0|5704.20246728|2.58742100222|0.00708882466361
4.63731893684|-74.1721658184|21.0|28.0|88.0|40877.0|365.0|113000.0|1356000.0|0.005|1.0|2563.99535334|1.16405389042|0.00318918874087
4.64757286792|-74.1297374342|26.0|29.0|89.0|41516.0|365.0|469500.0|5634000.0|0.005|-1.0|4157.39449939|1.88745710272|0.00517111534992
4.6129624734|-74.1715943721|21.0|25.0|90.0|41605.0|365.0|120000.0|1440000.0|0.005|-1.0|4346.3917147|1.97151929143|0.00540142271625
4.64205833333|-74.1554638889|23.0|29.0|91.0|40903.0|365.0|80000.0|960000.0|0.005|1.0|3444.20394122|1.56366858931|0.00428402353237
4.65398848639|-74.1411190609|24.0|30.0|92.0|40693.0|365.0|217099.0|2605188.0|0.005|1.0|3633.69077838|1.64969561338|0.00451971400927
4.62873888889|-74.1668333333|22.0|27.0|93.0|41575.0|365.0|75000.0|900000.0|0.005|-1.0|3575.03124558|1.62306418549|0.00444675119313
4.65067059953|-74.1751856113|21.0|30.0|94.0|39799.0|365.0|73928.5714286|887142.857143|0.005|4.0|9.16924562181|0.00415916139591|1.13949627285e-05
4.64800448026|-74.1433114698|24.0|29.0|95.0|41562.0|365.0|147506.1875|1770074.25|0.005|-1.0|10.765493317|0.00488321788494|1.33786791368e-05
4.65644444444|-74.1400805556|25.0|30.0|96.0|39645.0|365.0|73928.5714286|887142.857143|0.005|4.0|2444.68455999|1.10890667199|0.00303810047119
4.61295173577|-74.148029587|24.0|25.0|97.0|40973.0|365.0|40000.0|480000.0|0.005|0.0|1232.87391566|0.559724757711|0.00153349248688
4.65488718857|-74.1493709545|24.0|30.0|98.0|41634.0|312.0|15000.0|180000.0|0.005|-1.0|3.30927814286|0.00150241227686|4.81542396429e-06
4.61087053021|-74.1406913587|24.0|25.0|99.0|41603.0|365.0|80549.99|966599.88|0.005|-1.0|3502.20454363|1.59000086281|0.00435616674742
4.63113055556|-74.1556805556|23.0|27.0|100.0|40890.0|365.0|49997.9861089|599975.833307|0.005|1.0|1933.54647103|0.8770549041|0.00240289014822
4.61678744297|-74.1343090129|25.0|26.0|101.0|41596.0|365.0|33000.0|396000.0|0.005|-1.0|2006.43767235|0.910922703245|0.00249567863903
4.59705702335|-74.1554261875|23.0|24.0|102.0|41565.0|365.0|110000.0|1320000.0|0.005|-1.0|3587.007566|1.62850143496|0.00446164776702
4.64597485651|-74.1309709997|26.0|29.0|103.0|40766.0|365.0|120000.0|1440000.0|0.005|1.0|4593.20127725|2.08531337987|0.00571318734211
4.64800448026|-74.1433114698|24.0|29.0|104.0|39590.0|365.0|55000.0|660000.0|0.005|4.0|8.3811146491|0.00380502605069|1.0424728906e-05
4.63943888889|-74.1165527778|27.0|28.0|105.0|40715.0|365.0|71100.0|853200.0|0.005|1.0|3382.94792204|1.53585835661|0.00420783111399
4.63946360393|-74.1567090828|23.0|28.0|106.0|41260.0|365.0|65000.0020584|780000.024701|0.005|0.0|2510.40373258|1.13871682834|0.00311977213243
4.61034003295|-74.1416241778|24.0|25.0|107.0|41575.0|365.0|105000.0|1260000.0|0.005|-1.0|3774.22520501|1.71349824307|0.00469451573445
4.63670870859|-74.1601410486|22.0|28.0|108.0|41152.0|365.0|96000.0|1152000.0|0.005|0.0|3559.35504487|1.61594719037|0.00442725257636
4.64618333333|-74.0872833333|30.0|29.0|109.0|41258.0|365.0|93600.0|1123200.0|0.005|0.0|3274.61996825|1.48536461122|0.00406949208553
4.59168550916|-74.1240232323|26.0|23.0|110.0|41479.0|365.0|34000.0|408000.0|0.005|-1.0|1932.61542939|0.877407404944|0.00240385590396
4.68521590386|-74.063588665|33.0|33.0|111.0|40977.0|365.0|38000.0|456000.0|0.005|0.0|5257.12752752|2.3867358975|0.00653900245889
4.66999334197|-74.0638161521|33.0|32.0|112.0|40894.0|365.0|121000.0|1452000.0|0.005|-1.0|5211.94535579|2.36622319153|0.00648280326446
4.66213733535|-74.0662304272|33.0|31.0|113.0|41460.0|365.0|53194.0|638328.0|0.005|-1.0|3398.8493766|1.54307761698|0.00422760990953
4.71888528416|-74.0552535141|34.0|37.0|114.0|40567.0|365.0|46000.0|552000.0|0.005|1.0|2872.37233043|1.302905452|0.00356960397808
4.63839735364|-74.0695818929|32.0|28.0|115.0|41234.0|365.0|70391.0|844692.0|0.005|0.0|2887.6316196|1.3109847553|0.00359173905561
4.49298027386|-74.1030203739|29.0|12.0|116.0|40897.0|365.0|30000.0|360000.0|0.005|1.0|519.207904769|0.235512228926|0.00064523898336
4.68776111111|-74.0749472222|32.0|34.0|117.0|41017.0|365.0|64000.0|768000.0|0.005|0.0|4254.54334777|1.92985695652|0.00528727933293
4.63719444444|-74.1835111111|20.0|28.0|118.0|41169.0|365.0|60300.0|723600.0|0.005|0.0|1213.19358499|0.550303496336|0.00150768081188
4.58985277778|-74.1390361111|25.0|23.0|119.0|40819.0|365.0|73600.0|883200.0|0.005|1.0|4345.9535724|1.97132055049|0.00540087822051
4.66369077678|-74.0485322404|35.0|31.0|120.0|41542.0|365.0|138265.0|1659180.0|0.005|-1.0|5523.72306827|2.50777027299|0.00687060348766
4.52252091995|-74.1252144444|26.0|15.0|121.0|41069.0|365.0|49266.6543394|591199.852073|0.005|0.0|1539.04672829|0.698110182979|0.0019126306383
4.62560277778|-74.079725|31.0|27.0|122.0|40820.0|365.0|59000.0|708000.0|0.005|1.0|3335.61673368|1.51303268802|0.00414529503567
4.71401350448|-74.139848282|25.0|37.0|123.0|40694.0|365.0|75000.0|900000.0|0.005|1.0|377.641798425|0.171449376485|0.000469724319137
4.68394073016|-74.0853752537|31.0|33.0|124.0|41155.0|365.0|70000.0|840000.0|0.005|0.0|2315.34475134|1.05116651711|0.00287990826605
4.68339578478|-74.0972204172|29.0|33.0|125.0|40903.0|365.0|70000.0|840000.0|0.005|1.0|3015.33750307|1.36896322639|0.0037505841819
4.70849166667|-74.1400972222|25.0|36.0|126.0|40903.0|365.0|47000.0|564000.0|0.005|1.0|8.08695660072|0.00367147829673|1.00588446486e-05
4.60993055556|-74.0753611111|32.0|25.0|127.0|40542.0|365.0|252000.0|3024000.0|0.005|2.0|5167.20532171|2.34591121606|0.00642715401659
4.67390026551|-74.0880713326|30.0|32.0|128.0|41409.0|365.0|143500.0|1722000.0|0.005|-1.0|4047.63451027|1.83762606766|0.0050345919662
4.68732777778|-74.110225|28.0|34.0|129.0|40811.0|365.0|156000.0|1872000.0|0.005|1.0|3290.52594877|1.49389878074|0.0040928733719
4.64168055556|-74.0720444444|32.0|29.0|130.0|40603.0|365.0|20000.0|240000.0|0.005|1.0|962.690776769|0.437061612653|0.00119742907576
4.69986388889|-74.1097166667|28.0|35.0|131.0|40981.0|365.0|105000.0|1260000.0|0.005|0.0|3834.73652164|1.74097038083|0.00476978186528
4.65230277778|-74.1127305556|28.0|30.0|132.0|41151.0|365.0|219998.0|2639976.0|0.005|0.0|9235.2255715|4.18908984051|0.0114769584672
4.656429|-74.140025|25.0|30.0|133.0|39392.0|365.0|340000.0|4080000.0|0.005|7.0|2602.85066929|1.18065067395|0.0032346593807
4.650333|-74.135534|25.0|29.0|134.0|37803.0|365.0|210700.0|2528400.0|0.005|9.0|68.1461136269|0.0309110145773|8.46877111706e-05
4.59514722222|-74.1008222222|29.0|23.0|135.0||365.0|239999.0|2879988.0|0.005|0.0|6260.76997713|2.84238956962|0.00778736868389
4.65712777778|-74.1374583333|25.0|30.0|136.0|41242.0|365.0|56000.0|672000.0|0.005|0.0|1493.21186835|0.677918188231|0.00185731010474
4.65341388889|-74.1420666667|24.0|30.0|137.0|40808.0|365.0|159999.980451|1919999.76542|0.005|1.0|3772.27624976|1.71110104362|0.00468794806472
4.62816111111|-74.1699972222|21.0|27.0|138.0|41381.0|365.0|48000.0|576000.0|0.005|-1.0|2588.68745595|1.175264105|0.00321990165754
4.6304563075|-74.1237699695|26.0|27.0|139.0|41443.0|365.0|72500.0|870000.0|0.005|-1.0|1628.93187568|0.73953507156|0.00202612348373
4.63183888889|-74.1667527778|22.0|27.0|140.0|40525.0|312.0|90000.0|1080000.0|0.005|2.0|9.13691693912|0.00414816029036|1.3295385546e-05
4.64708055556|-74.1684944444|21.0|29.0|141.0|38702.0|365.0|73928.5576032|887142.691238|0.005|7.0|1980.4169561|0.898315313097|0.0024611378441
4.60244175964|-74.1011335719|29.0|24.0|142.0|40690.0|365.0|78000.0|936000.0|0.005|1.0|4459.77993589|2.0247400909|0.00554723312574
4.61451111111|-74.0831611111|31.0|26.0|143.0|41173.0|365.0|38900.0|466800.0|0.005|0.0|2417.3892983|1.09749474143|0.00300683490802
4.61064957494|-74.0755197474|32.0|25.0|144.0|40766.0|365.0|35000.0|420000.0|0.005|1.0|2158.09708083|0.979776074699|0.00268431801287
4.59152598268|-74.0880121766|30.0|23.0|145.0|41353.0|365.0|45000.0|540000.0|0.005|-1.0|2601.42798669|1.18104830596|0.00323574878345
4.59955317363|-74.0864074871|31.0|24.0|146.0|41152.0|365.0|42000.0|504000.0|0.005|0.0|2230.55181561|1.01267052429|0.00277443979256
4.62052484013|-74.0795113613|31.0|26.0|147.0|41512.0|365.0|55000.0|660000.0|0.005|-1.0|2418.06994704|1.09780375596|0.00300768152317
4.5931573785|-74.0909861595|30.0|23.0|148.0|40694.0|365.0|80000.0|960000.0|0.005|1.0|5941.07838481|2.6972495867|0.00738972489508
4.59753562583|-74.0876609253|30.0|24.0|149.0|40904.0|365.0|19000.0|228000.0|0.005|1.0|744.620360606|0.338057643715|0.000926185325247
4.60198188388|-74.0935008723|30.0|24.0|150.0|41575.0|365.0|110000.0|1320000.0|0.005|-1.0|6188.77115187|2.80970210295|0.00769781398069
4.60434076037|-74.0925084371|30.0|24.0|151.0|41157.0|365.0|45000.0|540000.0|0.005|0.0|3010.18946987|1.36662601932|0.00374418087486
4.60531167097|-74.095699761|29.0|25.0|152.0|40586.0|365.0|75000.0|900000.0|0.005|1.0|2901.55547222|1.31730618439|0.00360905803942
4.60403728218|-74.100718998|29.0|24.0|153.0|40766.0|365.0|129000.0|1548000.0|0.005|1.0|3269.07941313|1.4828514205|0.00406260663151
4.62519181729|-74.0936998063|30.0|27.0|154.0|41071.0|365.0|35000.0|420000.0|0.005|0.0|1541.14763855|0.699063153944|0.00191524151766
4.61138497897|-74.1026943492|29.0|25.0|155.0|41159.0|365.0|48500.0|582000.0|0.005|0.0|2534.42218795|1.14961157764|0.00314962076066
4.63521482809|-74.1146809374|27.0|28.0|156.0|41570.0|365.0|122595.0|1471140.0|0.005|-1.0|4145.93699345|1.88059321391|0.00515231017509
4.62709671648|-74.0943099457|30.0|27.0|157.0|41401.0|365.0|45000.0|540000.0|0.005|-1.0|1440.32995562|0.653332345527|0.00178995163158
4.63654653244|-74.1037626846|29.0|28.0|158.0|41398.0|365.0|58438716.0|701264592.0|0.005|-1.0|792776.942408|359.60289324|0.985213406137
4.61123611111|-74.1005611111|29.0|25.0|159.0|40752.0|365.0|20000.0|240000.0|0.005|1.0|3.64945725441|0.00165539046009|4.53531632902e-06
4.62852277974|-74.1116877667|28.0|27.0|160.0|41177.0|365.0|104500.0|1254000.0|0.005|0.0|4563.90067593|2.07018115656|0.00567172919605
4.63835757883|-74.1077340261|28.0|28.0|161.0|41477.0|365.0|55000.0|660000.0|0.005|-1.0|9.99224032663|0.00453247103844|1.24177288724e-05
4.62713061122|-74.1122484254|28.0|27.0|162.0|41222.0|365.0|130000.0|1560000.0|0.005|0.0|4653.69163558|2.11091025342|0.00578331576278
4.62030277778|-74.0991777778|29.0|26.0|163.0|40781.0|365.0|68500.0|822000.0|0.005|1.0|2755.54975845|1.24991484061|0.00342442422084
4.62511221578|-74.1016882497|29.0|27.0|164.0|41258.0|365.0|45000.0|540000.0|0.005|0.0|2257.51786938|1.02400803296|0.00280550146016
4.63211029724|-74.103774845|29.0|27.0|165.0|41459.0|312.0|300000.0|3600000.0|0.005|-1.0|6456.82852747|2.92881149215|0.00938721632098
4.61768279923|-74.0902719617|30.0|26.0|166.0|41422.0|365.0|70000.0|840000.0|0.005|-1.0|3031.82637891|1.375233662|0.00376776345754
4.60608888889|-74.1262777778|26.0|25.0|167.0|40898.0|365.0|43000.0|516000.0|0.005|1.0|2986.86330054|1.35483845093|0.00371188616694
4.63130555556|-74.1106777778|28.0|27.0|168.0|41290.0|365.0|55000.0|660000.0|0.005|-1.0|2421.80341177|1.09852780416|0.00300966521688
4.63028124141|-74.1097493471|28.0|27.0|169.0|40933.0|365.0|27000.0|324000.0|0.005|0.0|1634.89965345|0.74158898183|0.00203175063515
4.63391666667|-74.1004611111|29.0|28.0|170.0|41530.0|365.0|34000000.0|408000000.0|0.005|-1.0|727911.403688|330.179944429|0.904602587475
4.63820223288|-74.1057062405|28.0|28.0|171.0||312.0|46219358.0|554632296.0|0.005|0.0|597270.032336|270.921138323|0.868336981805
4.60202865909|-74.1332969451|25.0|24.0|172.0|41198.0|365.0|93000.0|1116000.0|0.005|0.0|3364.50262129|1.52613530012|0.00418119260306
4.61619789004|-74.0932464815|30.0|26.0|173.0|41135.0|365.0|103027.857143|1236334.28571|0.005|0.0|5628.9561502|2.55328934187|0.00699531326541
4.58657222222|-74.1225138889|27.0|22.0|174.0|40400.0|365.0|66729.637|800755.644|0.005|2.0|2188.63101402|0.993638480365|0.00272229720648
4.588496|-74.110154|28.0|23.0|175.0|40904.0|365.0|248800.0|2985600.0|0.005|1.0|6878.12379617|3.12266820346|0.00855525535195
4.56795|-74.125739|26.0|20.0|176.0|41484.0|365.0|89000.08|1068000.96|0.005|-1.0|4143.24024666|1.87936997204|0.00514895882751
4.554532|-74.108531|28.0|19.0|177.0|40886.0|365.0|15000.0|180000.0|0.005|1.0|2.48056522626|0.00112617661272|3.08541537733e-06
4.54948017738|-74.1133092568|28.0|18.0|178.0|39589.0|365.0|49745.9274|596951.1288|0.005|4.0|2.74400405801|0.00187717592908|5.14294775091e-06
4.57206701656|-74.0979679319|29.0|21.0|179.0|40781.0|365.0|97000.0|1164000.0|0.005|1.0|4985.40416769|2.26337349213|0.00620102326612
4.579273|-74.107274|28.0|22.0|180.0|40955.0|365.0|87000.0|1044000.0|0.005|0.0|5021.78563737|2.27989067936|0.00624627583387
4.58242856573|-74.1271631992|26.0|22.0|181.0|41111.0|365.0|43999.0|527988.0|0.005|0.0|1636.22447939|0.742189921658|0.00203339704564
4.5881669477|-74.1146095658|27.0|23.0|182.0|41219.0|365.0|52500.0|630000.0|0.005|0.0|3898.83270212|1.76850693422|0.00484522447732
4.57939430367|-74.1254769046|26.0|22.0|183.0|41107.0|365.0|120000.0|1440000.0|0.005|0.0|3467.7241245|1.57295647921|0.00430946980605
4.57306242049|-74.124418458|26.0|21.0|184.0|40402.0|365.0|60000.0|720000.0|0.005|2.0|3123.03729547|1.41660685001|0.00388111465757
4.57935918782|-74.0860604957|31.0|22.0|185.0|39538.0|365.0|17000.0|204000.0|0.005|4.0|1114.39343739|0.505934620577|0.00138612224816
4.57885625118|-74.087031731|30.0|22.0|186.0|41418.0|365.0|54000.0|648000.0|0.005|-1.0|2825.54213792|1.28279613062|0.00351450994689
4.61246111111|-74.1336361111|25.0|25.0|187.0|41017.0|365.0|70000.0|840000.0|0.005|0.0|1863.58336635|0.845319704048|0.00231594439465
4.59435607856|-74.0842641524|31.0|23.0|188.0|41020.0|365.0|20000.0|240000.0|0.005|0.0|773.262769988|0.350751282546|0.000960962417934
4.60399667108|-74.0672447687|33.0|24.0|189.0|39948.0|365.0|231001.0|2772012.0|0.005|3.0|7213.18740128|3.27478708018|0.00897201939775
4.74197446038|-74.0991049384|29.0|40.0|190.0|41011.0|365.0|100000.0|1200000.0|0.005|0.0|5204.98789563|2.36097773084|0.00646843213929
4.69713497918|-74.0843801144|31.0|35.0|191.0|41290.0|365.0|172000.0|2064000.0|0.005|-1.0|6570.34989904|2.98293885416|0.00817243521689
4.549125|-74.0897916667|30.0|18.0|192.0|39589.0|365.0|46203.0769231|554436.923077|0.005|4.0|2.28106005274|0.00103468674572|2.83475820744e-06
4.74148320303|-74.1308165865|26.0|40.0|193.0|40842.0|365.0|46203.0769231|554436.923077|0.005|1.0|0.876838380147|0.000398084624587|1.09064280709e-06
4.73926111111|-74.1294777778|26.0|39.0|194.0|40879.0|365.0|27500.0|330000.0|0.005|1.0|1549.57883909|0.702887538767|0.00192571928429
4.69647707281|-74.0843550134|31.0|35.0|195.0|40064.0|365.0|67500.0|810000.0|0.005|3.0|2585.21714796|1.17368858517|0.00321558516486
4.7156|-74.0947222222|30.0|37.0|196.0|39710.0|365.0|46203.0769231|554436.923077|0.005|4.0|4.94908567353|0.00111106617435|3.04401691603e-06
4.75258927755|-74.1240137705|26.0|41.0|197.0|40324.0|365.0|10339.385|124072.62|0.005|2.0|0.620474056498|0.00028144646238|7.71086198301e-07
4.69484204225|-74.0683796342|33.0|34.0|198.0|41517.0|365.0|139200.0|1670400.0|0.005|-1.0|5887.55624157|2.67295053367|0.00732315214705
4.75868131343|-74.064982099|33.0|41.0|199.0|41020.0|365.0|101560.0|1218720.0|0.005|0.0|3378.92645603|1.53403261104|0.00420282907133
4.71985718315|-74.0587432931|34.0|37.0|200.0|41451.0|365.0|23300.0|279600.0|0.005|-1.0|1402.78461587|0.636864215605|0.00174483346741
4.6992960471|-74.0717636903|32.0|35.0|201.0|41517.0|365.0|21933.0|263196.0|0.005|-1.0|1492.87342669|0.677764535719|0.00185688913896
4.82630868011|-74.0410566417|36.0|49.0|202.0|41191.0|365.0|1600.0|19200.0|0.005|0.0|44.7787065671|0.0203295327814|5.56973500862e-05
4.73425197908|-74.0671446703|33.0|39.0|203.0|41477.0|365.0|53000.0|636000.0|0.005|-1.0|1788.44089634|0.81195216694|0.00222452648477
4.72102378355|-74.0612122656|33.0|37.0|204.0|41242.0|365.0|115150.0|1381800.0|0.005|0.0|3733.96769943|1.69522133554|0.00464444201518
4.74815093154|-74.0990339127|29.0|40.0|205.0|41512.0|365.0|22000.0|264000.0|0.005|-1.0|1173.22031762|0.532642024198|0.00145929321698
4.74106516407|-74.0897515728|30.0|40.0|206.0|40776.0|365.0|95400.0|1144800.0|0.005|1.0|3881.75807174|1.76231816457|0.00482826894402
4.74591592814|-74.0943479169|30.0|40.0|207.0|41208.0|365.0|169998.0|2039976.0|0.005|0.0|22.2759644691|0.010113287869|2.77076379972e-05
4.68942045524|-74.0635790036|33.0|34.0|208.0|41474.0|260.0|2000.0|24000.0|0.005|-1.0|0.47339030752|0.000214919199614|8.26612306208e-07
4.69484204225|-74.0683796342|33.0|34.0|209.0|40354.0|365.0|46203.0769231|554436.923077|0.005|2.0|2813.25911259|1.27609175066|0.00349614178263
4.800447|-74.039027|36.0|46.0|210.0|41412.0|365.0|62199.99|746399.88|0.005|-1.0|3592.61149076|1.62960527389|0.00446467198326
4.74730835325|-74.0643866542|33.0|40.0|211.0|40855.0|365.0|69489.0|833868.0|0.005|1.0|3033.97965504|1.37742676339|0.00377377195449
4.75281031801|-74.055823206|34.0|41.0|212.0|40831.0|365.0|82000.0|984000.0|0.005|1.0|3874.58441579|1.75906132477|0.00481934609526
4.72525829777|-74.0750411448|32.0|38.0|213.0|39710.0|365.0|46203.0769231|554436.923077|0.005|4.0|2813.26047406|1.27722025522|0.00349923357596
4.71679365391|-74.0529339419|34.0|37.0|214.0|40557.0|365.0|115150.0|1381800.0|0.005|1.0|3460.54032847|1.57108530913|0.00430434331267
4.73704445416|-74.1035684762|29.0|39.0|215.0|40968.0|365.0|160000.0|1920000.0|0.005|0.0|3516.90248002|1.59667372593|0.00437444856418
4.6992960471|-74.0717636903|32.0|35.0|216.0|41020.0|365.0|21933.0|263196.0|0.005|0.0|1492.87342669|0.677764535719|0.00185688913896
4.74723276716|-74.0648048859|33.0|40.0|217.0|40811.0|365.0|82534.0|990408.0|0.005|1.0|3937.87592936|1.78779567193|0.00489807033405
4.76041666667|-74.0928361111|30.0|42.0|218.0|41020.0|365.0|119999.0|1439988.0|0.005|2.0|1504.97171912|0.683257160478|0.00187193742597
4.7192903875|-74.0543865409|34.0|37.0|219.0|41474.0|365.0|51800.0|621600.0|0.005|-1.0|2616.65552763|1.18796160955|0.00325468934122
4.69212|-74.066827|33.0|34.0|220.0|40612.0|365.0|305000.0|3660000.0|0.005|1.0|5320.17527007|2.41322661814|0.00661157977571
4.73428990691|-74.0798532038|31.0|39.0|221.0|40729.0|365.0|24240.0|290880.0|0.005|1.0|1201.8805837|0.545653785002|0.00149494187672
4.786244|-74.091243|30.0|45.0|222.0|39885.0|365.0|27000.0|324000.0|0.005|3.0|153.088781649|0.0695023068685|0.000190417279092
4.63288066121|-74.0696625936|32.0|28.0|223.0|39847.0|365.0|70391.0|844692.0|0.005|3.0|2291.7990103|1.04047675068|0.00285062123473
4.64441339264|-74.1018249323|29.0|29.0|224.0|41443.0|365.0|116760.6|1401127.2|0.005|-1.0|4674.03557249|2.12201214991|0.00581373191756
4.8096|-74.037369|36.0|47.0|225.0|41258.0|365.0|24000.0|288000.0|0.005|0.0|1003.99739496|0.455814817313|0.00124880771867
4.639665|-74.098552|29.0|28.0|226.0|38824.0|365.0|70391.0|844692.0|0.005|6.0|4732.27522631|2.14655569803|0.00588097451514
4.63385441276|-74.1001677482|29.0|28.0|227.0|37362.0|365.0|70391.0|844692.0|0.005|10.0|3282.8989923|1.49043614251|0.0040833866918
4.594884|-74.149592|24.0|23.0|228.0|41477.0|365.0|80000.0|960000.0|0.005|-1.0|3277.61542458|1.48672334746|0.00407321465058
4.56913237694|-74.1258311916|26.0|21.0|229.0|40452.0|365.0|362500.0|4350000.0|0.005|2.0|4202.02041708|1.90603260338|0.00522200713254
4.571207|-74.140235|25.0|21.0|230.0|39799.0|365.0|233750.0|2805000.0|0.005|4.0|14.5442774239|0.00659727088659|1.80747147578e-05
4.5583767264|-74.1231915737|26.0|19.0|231.0|40973.0|365.0|64000.0|768000.0|0.005|0.0|1408.31327102|0.638809606784|0.00175016330626
4.58207716039|-74.1422902811|24.0|22.0|232.0|40658.0|312.0|273749.96|3284999.52|0.005|1.0|1348.59428429|0.611721129231|0.00196064464497
4.595573|-74.138245|25.0|23.0|233.0|39604.0|365.0|233750.0|2805000.0|0.005|4.0|3230.22593219|1.46522751722|0.00401432196498
4.74150277778|-74.1129555556|28.0|40.0|234.0||365.0|74650.0|895800.0|0.005|0.0|3463.96874609|1.57264181073|0.00430860770062
4.71259745627|-74.0626843786|33.0|36.0|235.0|41016.0|365.0|21200.0|254400.0|0.005|0.0|923.03577716|0.419058242831|0.00114810477488
4.71967229194|-74.0465173469|35.0|37.0|236.0|41247.0|365.0|24000.0|288000.0|0.005|0.0|3765.76473529|1.70965718982|0.00468399230089
4.70458888889|-74.0570888889|34.0|35.0|237.0|40886.0|365.0|100000.0|1200000.0|0.005|1.0|3933.44078648|1.78420512952|0.00488823323155
4.819625|-74.0346333333|36.0|48.0|238.0|41071.0|365.0|74649.99|895799.88|0.005|0.0|264.943878163|0.120284520686|0.000329546632016
4.70007069941|-74.0326505388|36.0|35.0|239.0|40981.0|365.0|74000.0|888000.0|0.005|0.0|2836.1370362|1.2864691558|0.0035245730296
4.76071661014|-74.0370444502|36.0|42.0|240.0|41017.0|365.0|100000.0|1200000.0|0.005|0.0|2685.25604101|1.21910624262|0.00334001710306
4.6874042247|-74.0445296865|35.0|34.0|241.0|40819.0|365.0|100000.0|1200000.0|0.005|1.0|4833.93370846|2.19460590364|0.00601261891409
4.6887387869|-74.0472693075|35.0|34.0|242.0|40899.0|365.0|90000.0|1080000.0|0.005|1.0|5812.21765587|2.63874681576|0.00722944333086
4.70213535764|-74.0496743302|35.0|35.0|243.0|40831.0|365.0|83737.1650697|1004845.98084|0.005|1.0|6739.85864412|3.05989582443|0.00838327623131
4.76899034272|-74.0235830558|37.0|43.0|244.0|40811.0|365.0|66000.0|792000.0|0.005|1.0|3253.09429963|1.47690481203|0.00404631455351
4.76713333333|-74.0276777778|37.0|42.0|245.0|39748.0|365.0|4850.0|58200.0|0.005|4.0|1.06999993286|0.000485779969517|1.33090402607e-06
4.74645576884|-74.022899726|38.0|40.0|246.0|40995.0|365.0|82963.0|995556.0|0.005|0.0|1958.51434838|0.889165514163|0.00243606990182
4.75882777778|-74.0382888889|36.0|41.0|247.0|40808.0|365.0|228000.0|2736000.0|0.005|1.0|4393.06876819|1.99445322076|0.00546425539934
4.76202|-74.044039|35.0|42.0|248.0|41020.0|365.0|80000.0|960000.0|0.005|0.0|4683.11616622|2.12613473947|0.00582502668347
4.467686449|-74.1279238342|26.0|9.0|249.0|40686.0|365.0|34000.0|408000.0|0.005|1.0|871.260875105|0.395552437298|0.00108370530766
4.478863|-74.094925|30.0|11.0|250.0|40819.0|365.0|80000.0|960000.0|0.005|1.0|2655.03327369|1.87719348456|0.00514299584812
4.505458|-74.101844|29.0|13.0|251.0|39700.0|365.0|56000.0|672000.0|0.005|0.0|2299.11426651|1.04287612051|0.0028571948507
4.499934|-74.106141|28.0|13.0|252.0|39700.0|365.0|56000.0|672000.0|0.005|0.0|2282.104531|1.0351605201|0.00283605621945
4.61830689|-74.1200134239|27.0|26.0|253.0|36941.0|365.0|54000.0|648000.0|0.005|0.0|1649.20623236|0.74873962949|0.00205134145066
4.54806|-74.137489|25.0|18.0|254.0||365.0|100296.971195|1203563.65434|0.005|0.0|2303.72181855|1.04496610188|0.00286292082708
4.593065|-74.16918|21.0|23.0|255.0||365.0|100296.971195|1203563.65434|0.005|0.0|2303.72181855|1.04496610188|0.00286292082708
4.535148|-74.141019|24.0|17.0|256.0||365.0|100296.971195|1203563.65434|0.005|0.0|2303.72181855|1.04496610188|0.00286292082708
4.58081|-74.154035|23.0|22.0|257.0||365.0|100296.971195|1203563.65434|0.005|0.0|2303.72181855|1.04496610188|0.00286292082708
4.565869|-74.156388|23.0|20.0|258.0||365.0|100296.971195|1203563.65434|0.005|0.0|2303.72181855|1.04496610188|0.00286292082708
4.641682|-74.123112|26.0|29.0|259.0||365.0|111627.450588|1339529.40706|0.005|0.0|2179.48479371|0.988612301475|0.00270852685336
4.684865|-74.153077|23.0|33.0|260.0||365.0|111627.450588|1339529.40706|0.005|0.0|2179.48479371|0.988612301475|0.00270852685336
4.653259|-74.116668|27.0|30.0|261.0||365.0|111627.450588|1339529.40706|0.005|0.0|2179.48479371|0.988612301475|0.00270852685336
4.654609|-74.120874|27.0|30.0|262.0||365.0|111627.450588|1339529.40706|0.005|0.0|2179.48479371|0.988612301475|0.00270852685336
4.644829|-74.123757|26.0|29.0|263.0||365.0|111627.450588|1339529.40706|0.005|0.0|2179.48479371|0.988612301475|0.00270852685336
4.670793|-74.152728|23.0|32.0|264.0||365.0|111627.450588|1339529.40706|0.005|0.0|2179.48479371|0.988612301475|0.00270852685336
4.683383|-74.166398|22.0|33.0|265.0||365.0|111627.450588|1339529.40706|0.005|0.0|2179.48479371|0.988612301475|0.00270852685336
4.67013|-74.143458|24.0|32.0|266.0||365.0|111627.450588|1339529.40706|0.005|0.0|2179.48479371|0.988612301475|0.00270852685336
4.662425|-74.132838|25.0|31.0|267.0||365.0|111627.450588|1339529.40706|0.005|0.0|2179.48479371|0.988612301475|0.00270852685336
4.685358|-74.149289|24.0|33.0|268.0||365.0|111627.450588|1339529.40706|0.005|0.0|2179.48479371|0.988612301475|0.00270852685336
4.660401|-74.118687|27.0|31.0|269.0||365.0|111627.450588|1339529.40706|0.005|0.0|2179.48479371|0.988612301475|0.00270852685336
4.683742|-74.14219|24.0|33.0|270.0||365.0|111627.450588|1339529.40706|0.005|0.0|2179.48479371|0.988612301475|0.00270852685336
4.694344|-74.158105|23.0|34.0|271.0||365.0|111627.450588|1339529.40706|0.005|0.0|2179.48479371|0.988612301475|0.00270852685336
4.641981|-74.11286|28.0|29.0|272.0||365.0|111627.450588|1339529.40706|0.005|0.0|2179.48479371|0.988612301475|0.00270852685336
4.675596|-74.140571|25.0|32.0|273.0||365.0|111627.450588|1339529.40706|0.005|0.0|2179.48479371|0.988612301475|0.00270852685336
4.680881|-74.145279|24.0|33.0|274.0||365.0|111627.450588|1339529.40706|0.005|0.0|2179.48479371|0.988612301475|0.00270852685336
4.691571|-74.154582|23.0|34.0|275.0||365.0|111627.450588|1339529.40706|0.005|0.0|2179.48479371|0.988612301475|0.00270852685336
4.69691|-74.144524|24.0|35.0|276.0||365.0|111627.450588|1339529.40706|0.005|0.0|2179.48479371|0.988612301475|0.00270852685336
4.66906|-74.133133|25.0|32.0|277.0||365.0|111627.450588|1339529.40706|0.005|0.0|2179.48479371|0.988612301475|0.00270852685336
4.670315|-74.15153|23.0|32.0|278.0||365.0|111627.450588|1339529.40706|0.005|0.0|2179.48479371|0.988612301475|0.00270852685336
4.644852|-74.131137|26.0|29.0|279.0||365.0|131696.647271|1580359.76725|0.005|0.0|4557.39763787|2.06723138446|0.00566364762866
4.617518|-74.164377|22.0|26.0|280.0||365.0|131696.647271|1580359.76725|0.005|0.0|4557.39763787|2.06723138446|0.00566364762866
4.638291|-74.117739|27.0|28.0|281.0||365.0|131696.647271|1580359.76725|0.005|0.0|4557.39763787|2.06723138446|0.00566364762866
4.611532|-74.13335|25.0|25.0|282.0||365.0|131696.647271|1580359.76725|0.005|0.0|4557.39763787|2.06723138446|0.00566364762866
4.618226|-74.145925|24.0|26.0|283.0||365.0|131696.647271|1580359.76725|0.005|0.0|4557.39763787|2.06723138446|0.00566364762866
4.612507|-74.13359|25.0|25.0|284.0||365.0|131696.647271|1580359.76725|0.005|0.0|4557.39763787|2.06723138446|0.00566364762866
4.640102|-74.12298|26.0|28.0|285.0||365.0|131696.647271|1580359.76725|0.005|0.0|4557.39763787|2.06723138446|0.00566364762866
4.605992|-74.13138|26.0|25.0|286.0||365.0|131696.647271|1580359.76725|0.005|0.0|4557.39763787|2.06723138446|0.00566364762866
4.613047|-74.171614|21.0|25.0|287.0||365.0|131696.647271|1580359.76725|0.005|0.0|4557.39763787|2.06723138446|0.00566364762866
4.63202|-74.173474|21.0|27.0|288.0||365.0|131696.647271|1580359.76725|0.005|0.0|4557.39763787|2.06723138446|0.00566364762866
4.614074|-74.136|25.0|25.0|289.0||365.0|131696.647271|1580359.76725|0.005|0.0|4557.39763787|2.06723138446|0.00566364762866
4.61526|-74.139956|25.0|26.0|290.0||365.0|131696.647271|1580359.76725|0.005|0.0|4557.39763787|2.06723138446|0.00566364762866
4.638045|-74.160119|22.0|28.0|291.0||365.0|131696.647271|1580359.76725|0.005|0.0|4557.39763787|2.06723138446|0.00566364762866
4.635071|-74.180627|20.0|28.0|292.0||365.0|131696.647271|1580359.76725|0.005|0.0|4557.39763787|2.06723138446|0.00566364762866
4.64531388889|-74.1124194444|28.0|29.0|293.0||365.0|131696.647271|1580359.76725|0.005|0.0|4557.39763787|2.06723138446|0.00566364762866
4.61429163203|-74.1507348541|23.0|25.0|294.0||365.0|47000.0|564000.0|0.005|0.0|2226.38937517|1.00988817657|0.0027668169221
4.61615555556|-74.1405|25.0|26.0|295.0||365.0|131696.647271|1580359.76725|0.005|0.0|4557.39763787|2.06723138446|0.00566364762866
4.578686|-74.106904|28.0|22.0|296.0||365.0|57384.5124545|688614.149455|0.005|0.0|2831.13394243|1.28419975707|0.00351835549881
4.578924|-74.12783|26.0|22.0|297.0||365.0|57384.5124545|688614.149455|0.005|0.0|2831.13394243|1.28419975707|0.00351835549881
4.56718|-74.126846|26.0|20.0|298.0||365.0|57384.5124545|688614.149455|0.005|0.0|2831.13394243|1.28419975707|0.00351835549881
4.582012|-74.111218|28.0|22.0|299.0||365.0|57384.5124545|688614.149455|0.005|0.0|2831.13394243|1.28419975707|0.00351835549881
4.58973|-74.094612|30.0|23.0|300.0||365.0|57384.5124545|688614.149455|0.005|0.0|2831.13394243|1.28419975707|0.00351835549881
4.563698|-74.096615|29.0|20.0|301.0||365.0|57384.5124545|688614.149455|0.005|0.0|2831.13394243|1.28419975707|0.00351835549881
4.563495|-74.124818|26.0|20.0|302.0||365.0|57384.5124545|688614.149455|0.005|0.0|2831.13394243|1.28419975707|0.00351835549881
4.60632|-74.076921|32.0|25.0|303.0||365.0|101229.0|1214748.0|0.005|0.0|3999.91521405|1.81435786883|0.00497084347625
4.593902|-74.086873|30.0|23.0|304.0||365.0|101229.0|1214748.0|0.005|0.0|3999.91521405|1.81435786883|0.00497084347625
4.593379|-74.087386|30.0|23.0|305.0||365.0|101229.0|1214748.0|0.005|0.0|3999.91521405|1.81435786883|0.00497084347625
4.740346|-74.088102|30.0|39.0|306.0||365.0|62848.4851544|754181.821853|0.005|0.0|3851.91995574|1.74722735553|0.00478692426174
4.60797773271|-74.1414748803|24.0|25.0|307.0||365.0|62848.4851544|754181.821853|0.005|0.0|3851.91995574|1.74722735553|0.00478692426174
4.738205|-74.084756|31.0|39.0|308.0||365.0|62848.4851544|754181.821853|0.005|0.0|3851.91995574|1.74722735553|0.00478692426174
4.692794|-74.077982|31.0|34.0|309.0||365.0|62848.4851544|754181.821853|0.005|0.0|3851.91995574|1.74722735553|0.00478692426174
4.741303|-74.088965|30.0|40.0|310.0||365.0|62848.4851544|754181.821853|0.005|0.0|3851.91995574|1.74722735553|0.00478692426174
4.725712|-74.072101|32.0|38.0|311.0||365.0|62848.4851544|754181.821853|0.005|0.0|3851.91995574|1.74722735553|0.00478692426174
4.810068|-74.037484|36.0|47.0|312.0||365.0|62848.4851544|754181.821853|0.005|0.0|3851.91995574|1.74722735553|0.00478692426174
4.713977|-74.093722|30.0|37.0|313.0||365.0|62848.4851544|754181.821853|0.005|0.0|3851.91995574|1.74722735553|0.00478692426174
4.721433|-74.057995|34.0|37.0|314.0||365.0|62848.4851544|754181.821853|0.005|0.0|3851.91995574|1.74722735553|0.00478692426174
4.755482|-74.08021|31.0|41.0|315.0||365.0|62848.4851544|754181.821853|0.005|0.0|3851.91995574|1.74722735553|0.00478692426174
4.751457|-74.093266|30.0|41.0|316.0||365.0|62848.4851544|754181.821853|0.005|0.0|3851.91995574|1.74722735553|0.00478692426174
4.738651|-74.065295|33.0|39.0|317.0||365.0|62848.4851544|754181.821853|0.005|0.0|3851.91995574|1.74722735553|0.00478692426174
4.697252|-74.068888|32.0|35.0|318.0||365.0|62848.4851544|754181.821853|0.005|0.0|3851.91995574|1.74722735553|0.00478692426174
4.732849|-74.090708|30.0|39.0|319.0||365.0|62848.4851544|754181.821853|0.005|0.0|3851.91995574|1.74722735553|0.00478692426174
4.761694|-74.048495|35.0|42.0|320.0||365.0|62848.4851544|754181.821853|0.005|0.0|3851.91995574|1.74722735553|0.00478692426174
4.740862|-74.08818|30.0|40.0|321.0||365.0|62848.4851544|754181.821853|0.005|0.0|3851.91995574|1.74722735553|0.00478692426174
4.699326|-74.077118|32.0|35.0|322.0||365.0|62848.4851544|754181.821853|0.005|0.0|3851.91995574|1.74722735553|0.00478692426174
4.747815|-74.047687|35.0|40.0|323.0||365.0|62848.4851544|754181.821853|0.005|0.0|3851.91995574|1.74722735553|0.00478692426174
4.725175|-74.057032|34.0|38.0|324.0||365.0|62848.4851544|754181.821853|0.005|0.0|3851.91995574|1.74722735553|0.00478692426174
4.595435|-74.145998|24.0|23.0|325.0||365.0|155041.666667|1860500.0|0.005|0.0|2207.70583925|1.00141334182|0.00274359819678
4.596217|-74.175608|21.0|23.0|326.0||365.0|155041.666667|1860500.0|0.005|0.0|2207.70583925|1.00141334182|0.00274359819678
4.590175|-74.14506|24.0|23.0|327.0||365.0|155041.666667|1860500.0|0.005|0.0|2207.70583925|1.00141334182|0.00274359819678
4.563107|-74.13014|26.0|20.0|328.0||365.0|155041.666667|1860500.0|0.005|0.0|2207.70583925|1.00141334182|0.00274359819678
4.587125|-74.144118|24.0|22.0|329.0||365.0|155041.666667|1860500.0|0.005|0.0|2207.70583925|1.00141334182|0.00274359819678
4.755439|-74.044676|35.0|41.0|330.0||365.0|78615.624375|943387.4925|0.005|0.0|2906.61691288|1.31843876316|0.00361216099497
4.73988952949|-74.0382699882|36.0|39.0|331.0|39693.0|365.0|78615.624375|943387.4925|0.005|0.0|2906.61691288|1.31843876316|0.00361216099497
4.725467|-74.075085|32.0|38.0|332.0||365.0|78615.624375|943387.4925|0.005|0.0|2906.61691288|1.31843876316|0.00361216099497
4.727895|-74.024247|30.0|22.0|333.0||365.0|78615.624375|943387.4925|0.005|0.0|2906.61691288|1.31843876316|0.00361216099497
4.705947|-74.051581|34.0|36.0|334.0||365.0|78615.624375|943387.4925|0.005|0.0|2906.61691288|1.31843876316|0.00361216099497
4.730075|-74.024292|37.0|38.0|335.0||365.0|78615.624375|943387.4925|0.005|0.0|2906.61691288|1.31843876316|0.00361216099497
4.77174|-74.042404|35.0|43.0|336.0||365.0|78615.624375|943387.4925|0.005|0.0|2906.61691288|1.31843876316|0.00361216099497
4.691687|-74.055847|34.0|34.0|337.0||365.0|78615.624375|943387.4925|0.005|0.0|2906.61691288|1.31843876316|0.00361216099497
4.7466|-74.046698|35.0|40.0|338.0||365.0|78615.624375|943387.4925|0.005|0.0|2906.61691288|1.31843876316|0.00361216099497
4.727459|-74.051662|34.0|38.0|339.0||365.0|78615.624375|943387.4925|0.005|0.0|2906.61691288|1.31843876316|0.00361216099497
4.723866|-74.042134|35.0|38.0|340.0||365.0|78615.624375|943387.4925|0.005|0.0|2906.61691288|1.31843876316|0.00361216099497
4.731084|-74.02433|37.0|38.0|341.0||365.0|78615.624375|943387.4925|0.005|0.0|2906.61691288|1.31843876316|0.00361216099497
4.749498|-74.023217|38.0|40.0|342.0||365.0|78615.624375|943387.4925|0.005|0.0|2906.61691288|1.31843876316|0.00361216099497
4.739501|-74.02243|38.0|39.0|343.0||365.0|78615.624375|943387.4925|0.005|0.0|2906.61691288|1.31843876316|0.00361216099497
4.709836|-74.048686|35.0|36.0|344.0||365.0|78615.624375|943387.4925|0.005|0.0|2906.61691288|1.31843876316|0.00361216099497
4.767135|-74.041318|36.0|42.0|345.0||365.0|78615.624375|943387.4925|0.005|0.0|2906.61691288|1.31843876316|0.00361216099497
4.747813|-74.047678|35.0|40.0|346.0||365.0|78615.624375|943387.4925|0.005|0.0|2906.61691288|1.31843876316|0.00361216099497
4.711162|-74.029484|37.0|36.0|347.0||365.0|78615.624375|943387.4925|0.005|0.0|2906.61691288|1.31843876316|0.00361216099497
4.701714|-74.028373|37.0|35.0|348.0||365.0|78615.624375|943387.4925|0.005|0.0|2906.61691288|1.31843876316|0.00361216099497
4.709365|-74.043451|35.0|36.0|349.0||365.0|78615.624375|943387.4925|0.005|0.0|2906.61691288|1.31843876316|0.00361216099497
4.687403|-74.035327|36.0|34.0|350.0||365.0|78615.624375|943387.4925|0.005|0.0|2906.61691288|1.31843876316|0.00361216099497
4.759543|-74.046106|35.0|42.0|351.0||365.0|78615.624375|943387.4925|0.005|0.0|2906.61691288|1.31843876316|0.00361216099497
4.697942|-74.030894|37.0|35.0|352.0||365.0|78615.624375|943387.4925|0.005|0.0|2906.61691288|1.31843876316|0.00361216099497
4.758344|-74.025344|37.0|41.0|353.0||365.0|78615.624375|943387.4925|0.005|0.0|2906.61691288|1.31843876316|0.00361216099497
4.79885|-74.043223|35.0|46.0|354.0||365.0|78615.624375|943387.4925|0.005|0.0|2906.61691288|1.31843876316|0.00361216099497
4.713529|-74.048134|35.0|36.0|355.0||365.0|78615.624375|943387.4925|0.005|0.0|2906.61691288|1.31843876316|0.00361216099497
4.526315|-74.117718|27.0|16.0|356.0||365.0|51666.6666667|620000.0|0.005|0.0|2184.35481342|0.990821337946|0.00271457900807
4.50638|-74.107767|28.0|14.0|357.0||365.0|51666.6666667|620000.0|0.005|0.0|2184.35481342|0.990821337946|0.00271457900807
4.535265|-74.111324|28.0|17.0|358.0||365.0|51666.6666667|620000.0|0.005|0.0|2184.35481342|0.990821337946|0.00271457900807
4.524757|-74.118153|27.0|16.0|359.0||365.0|51666.6666667|620000.0|0.005|0.0|2184.35481342|0.990821337946|0.00271457900807
4.478828|-74.094906|30.0|11.0|360.0||365.0|51666.6666667|620000.0|0.005|0.0|2184.35481342|0.990821337946|0.00271457900807
4.508996|-74.120885|27.0|14.0|361.0||365.0|51666.6666667|620000.0|0.005|0.0|2184.35481342|0.990821337946|0.00271457900807
4.520653|-74.120987|27.0|15.0|362.0||365.0|51666.6666667|620000.0|0.005|0.0|2184.35481342|0.990821337946|0.00271457900807
4.483051|-74.097749|29.0|11.0|363.0||365.0|51666.6666667|620000.0|0.005|0.0|2184.35481342|0.990821337946|0.00271457900807
4.531559|-74.115589|27.0|16.0|364.0||365.0|51666.6666667|620000.0|0.005|0.0|2184.35481342|0.990821337946|0.00271457900807
4.496933|-74.11772|27.0|13.0|365.0||365.0|51666.6666667|620000.0|0.005|0.0|2184.35481342|0.990821337946|0.00271457900807
4.547015|-74.11554|27.0|18.0|366.0||365.0|51666.6666667|620000.0|0.005|0.0|2184.35481342|0.990821337946|0.00271457900807
4.523492|-74.123649|26.0|15.0|367.0||365.0|51666.6666667|620000.0|0.005|0.0|2184.35481342|0.990821337946|0.00271457900807
4.588997|-74.090283|30.0|23.0|368.0||365.0|31333.3333333|376000.0|0.005|0.0|1600.31509392|0.725901457379|0.00198877111611
4.580635|-74.15481|23.0|22.0|369.0||365.0|31333.3333333|376000.0|0.005|0.0|1600.31509392|0.725901457379|0.00198877111611
4.588561|-74.091753|30.0|23.0|370.0||365.0|31333.3333333|376000.0|0.005|0.0|1600.31509392|0.725901457379|0.00198877111611
4.595484|-74.125862|26.0|23.0|371.0||365.0|31333.3333333|376000.0|0.005|0.0|1600.31509392|0.725901457379|0.00198877111611
4.592553|-74.123353|26.0|23.0|372.0||365.0|31333.3333333|376000.0|0.005|0.0|1600.31509392|0.725901457379|0.00198877111611
4.592037|-74.106552|28.0|23.0|373.0||365.0|31333.3333333|376000.0|0.005|0.0|1600.31509392|0.725901457379|0.00198877111611
4.688501|-74.061957|33.0|34.0|374.0||365.0|32628.8178112|391545.813735|0.005|0.0|1981.13065318|0.898639045439|0.00246202478202
4.688994|-74.041697|35.0|34.0|375.0||365.0|32628.8178112|391545.813735|0.005|0.0|1981.13065318|0.898639045439|0.00246202478202
4.687767|-74.074949|32.0|34.0|376.0||365.0|32628.8178112|391545.813735|0.005|0.0|1981.13065318|0.898639045439|0.00246202478202
4.661567|-74.073617|32.0|31.0|377.0||365.0|32628.8178112|391545.813735|0.005|0.0|1981.13065318|0.898639045439|0.00246202478202
4.658744|-74.062228|33.0|30.0|378.0||365.0|32628.8178112|391545.813735|0.005|0.0|1981.13065318|0.898639045439|0.00246202478202
4.687205|-74.061064|33.0|34.0|379.0||365.0|32628.8178112|391545.813735|0.005|0.0|1981.13065318|0.898639045439|0.00246202478202
4.678931|-74.044875|35.0|33.0|380.0||365.0|32628.8178112|391545.813735|0.005|0.0|1981.13065318|0.898639045439|0.00246202478202
4.688266|-74.05751|34.0|34.0|381.0||365.0|32628.8178112|391545.813735|0.005|0.0|1981.13065318|0.898639045439|0.00246202478202
4.676366|-74.075519|32.0|32.0|382.0||365.0|32628.8178112|391545.813735|0.005|0.0|1981.13065318|0.898639045439|0.00246202478202
4.667118|-74.060885|33.0|31.0|383.0||365.0|32628.8178112|391545.813735|0.005|0.0|1981.13065318|0.898639045439|0.00246202478202
4.673636|-74.082962|31.0|32.0|384.0||365.0|32628.8178112|391545.813735|0.005|0.0|1981.13065318|0.898639045439|0.00246202478202
4.673642|-74.083024|31.0|32.0|385.0||365.0|32628.8178112|391545.813735|0.005|0.0|1981.13065318|0.898639045439|0.00246202478202
4.669896|-74.071035|32.0|32.0|386.0||365.0|32628.8178112|391545.813735|0.005|0.0|1981.13065318|0.898639045439|0.00246202478202
4.628947|-74.203839|17.0|27.0|387.0||365.0|57412.5|688950.0|0.005|0.0|1369.1779946|0.621057881331|0.001701528442
4.637388|-74.206729|17.0|28.0|388.0||365.0|57412.5|688950.0|0.005|0.0|1369.1779946|0.621057881331|0.001701528442
4.612551|-74.1771|20.0|25.0|389.0||365.0|57412.5|688950.0|0.005|0.0|1369.1779946|0.621057881331|0.001701528442
4.560893|-74.145839|24.0|20.0|390.0||365.0|57412.5|688950.0|0.005|0.0|1369.1779946|0.621057881331|0.001701528442
4.624831|-74.17928|20.0|27.0|391.0||365.0|57412.5|688950.0|0.005|0.0|1369.1779946|0.621057881331|0.001701528442
4.636088|-74.066746|33.0|28.0|392.0||365.0|80533.3333333|966400.0|0.005|0.0|4535.41295075|2.05725915057|0.00563632643991
4.66381|-74.048142|35.0|31.0|393.0||365.0|80533.3333333|966400.0|0.005|0.0|4535.41295075|2.05725915057|0.00563632643991
4.664633|-74.060586|33.0|31.0|394.0||365.0|80533.3333333|966400.0|0.005|0.0|4535.41295075|2.05725915057|0.00563632643991
4.62701|-74.065853|33.0|27.0|395.0||365.0|80533.3333333|966400.0|0.005|0.0|4535.41295075|2.05725915057|0.00563632643991
4.644795|-74.061695|33.0|29.0|396.0||365.0|80533.3333333|966400.0|0.005|0.0|4535.41295075|2.05725915057|0.00563632643991
4.696225|-74.105337|28.0|35.0|397.0||365.0|39425.0|473100.0|0.005|0.0|2199.68121501|0.997773379634|0.00273362569763
4.673351|-74.105335|28.0|32.0|398.0||365.0|39425.0|473100.0|0.005|0.0|2199.68121501|0.997773379634|0.00273362569763
4.69093|-74.082671|31.0|34.0|399.0||365.0|39425.0|473100.0|0.005|0.0|2199.68121501|0.997773379634|0.00273362569763
4.699229|-74.111216|28.0|35.0|400.0||365.0|39425.0|473100.0|0.005|0.0|2199.68121501|0.997773379634|0.00273362569763
4.667927|-74.110643|28.0|31.0|401.0||365.0|39425.0|473100.0|0.005|0.0|2199.68121501|0.997773379634|0.00273362569763
4.672435|-74.105321|28.0|32.0|402.0||365.0|39425.0|473100.0|0.005|0.0|2199.68121501|0.997773379634|0.00273362569763
4.693506|-74.091532|30.0|34.0|403.0||365.0|39425.0|473100.0|0.005|0.0|2199.68121501|0.997773379634|0.00273362569763
4.726737|-74.124399|26.0|38.0|404.0||365.0|39425.0|473100.0|0.005|0.0|2199.68121501|0.997773379634|0.00273362569763
4.704503|-74.090311|30.0|35.0|405.0||365.0|39425.0|473100.0|0.005|0.0|2199.68121501|0.997773379634|0.00273362569763
4.682081|-74.093871|30.0|33.0|406.0||365.0|39425.0|473100.0|0.005|0.0|2199.68121501|0.997773379634|0.00273362569763
4.685726|-74.113323|28.0|33.0|407.0||365.0|39425.0|473100.0|0.005|0.0|2199.68121501|0.997773379634|0.00273362569763
4.709285|-74.14243|24.0|36.0|408.0||365.0|39425.0|473100.0|0.005|0.0|2199.68121501|0.997773379634|0.00273362569763
4.671733|-74.114185|27.0|32.0|409.0||365.0|39425.0|473100.0|0.005|0.0|2199.68121501|0.997773379634|0.00273362569763
4.677083|-74.117173|27.0|32.0|410.0||365.0|39425.0|473100.0|0.005|0.0|2199.68121501|0.997773379634|0.00273362569763
4.654282|-74.117171|27.0|30.0|411.0||365.0|39425.0|473100.0|0.005|0.0|2199.68121501|0.997773379634|0.00273362569763
4.674155|-74.098908|29.0|32.0|412.0||365.0|39425.0|473100.0|0.005|0.0|2199.68121501|0.997773379634|0.00273362569763
4.696188|-74.085323|31.0|35.0|413.0||365.0|39425.0|473100.0|0.005|0.0|2199.68121501|0.997773379634|0.00273362569763
4.704326|-74.105125|28.0|35.0|414.0||365.0|39425.0|473100.0|0.005|0.0|2199.68121501|0.997773379634|0.00273362569763
4.686566|-74.081813|31.0|33.0|415.0||365.0|39425.0|473100.0|0.005|0.0|2199.68121501|0.997773379634|0.00273362569763
4.693535|-74.09153|30.0|34.0|416.0||365.0|39425.0|473100.0|0.005|0.0|2199.68121501|0.997773379634|0.00273362569763
4.59655833333|-74.1812638889|20.0|24.0|417.0||365.0|39425.0|473100.0|0.005|0.0|2199.68121501|0.997773379634|0.00273362569763
4.68758888889|-74.0887166667|30.0|34.0|418.0||365.0|39425.0|473100.0|0.005|0.0|2199.68121501|0.997773379634|0.00273362569763
4.69627446145|-74.0946864559|30.0|35.0|419.0||365.0|39425.0|473100.0|0.005|0.0|2199.68121501|0.997773379634|0.00273362569763
4.623903|-74.076069|32.0|27.0|420.0|47.0|365.0|93575.8|1122909.6|0.005|0.0|4870.07089056|2.20905968482|0.00605221831458
4.622289|-74.074145|32.0|26.0|421.0|395.0|365.0|93575.8|1122909.6|0.005|0.0|4870.07089056|2.20905968482|0.00605221831458
4.630972|-74.072554|32.0|27.0|422.0|396.0|365.0|93575.8|1122909.6|0.005|0.0|4870.07089056|2.20905968482|0.00605221831458
4.632176|-74.079398|31.0|27.0|423.0|397.0|365.0|93575.8|1122909.6|0.005|0.0|4870.07089056|2.20905968482|0.00605221831458
4.643618|-74.078499|31.0|29.0|424.0|398.0|365.0|93575.8|1122909.6|0.005|0.0|4870.07089056|2.20905968482|0.00605221831458
4.619521|-74.074631|32.0|26.0|425.0|399.0|365.0|93575.8|1122909.6|0.005|0.0|4870.07089056|2.20905968482|0.00605221831458
4.647396|-74.070572|32.0|29.0|426.0|400.0|365.0|93575.8|1122909.6|0.005|0.0|4870.07089056|2.20905968482|0.00605221831458
4.650617|-74.072799|32.0|30.0|427.0|401.0|365.0|93575.8|1122909.6|0.005|0.0|4870.07089056|2.20905968482|0.00605221831458
4.634462|-74.087753|30.0|28.0|428.0|402.0|365.0|93575.8|1122909.6|0.005|0.0|4870.07089056|2.20905968482|0.00605221831458
4.62875|-74.082791|31.0|27.0|429.0|404.0|365.0|93575.8|1122909.6|0.005|0.0|4870.07089056|2.20905968482|0.00605221831458
4.629812|-74.078504|31.0|27.0|430.0|405.0|365.0|93575.8|1122909.6|0.005|0.0|4870.07089056|2.20905968482|0.00605221831458
4.641677|-74.072159|32.0|29.0|431.0|406.0|365.0|93575.8|1122909.6|0.005|0.0|4870.07089056|2.20905968482|0.00605221831458
4.616092|-74.072905|32.0|26.0|432.0|411.0|365.0|93575.8|1122909.6|0.005|0.0|4870.07089056|2.20905968482|0.00605221831458
4.594459|-74.096646|29.0|23.0|433.0|246.0|365.0|37000.0|444000.0|0.005|0.0|1639.75770945|0.743792591569|0.00203778792211
4.614535|-74.074471|32.0|26.0|434.0|252.0|365.0|37000.0|444000.0|0.005|0.0|1639.75770945|0.743792591569|0.00203778792211
4.61759|-74.088466|30.0|26.0|435.0|259.0|365.0|37000.0|444000.0|0.005|0.0|1639.75770945|0.743792591569|0.00203778792211
4.600109|-74.089953|30.0|24.0|436.0|264.0|365.0|37000.0|444000.0|0.005|0.0|1639.75770945|0.743792591569|0.00203778792211
4.610306|-74.095523|30.0|25.0|437.0|92.0|365.0|49000.0|588000.0|0.005|0.0|2704.33335645|1.22668312768|0.00336077569228
4.609932|-74.075258|32.0|25.0|438.0|41071.0|365.0|49000.0|588000.0|0.005|0.0|2704.33335645|1.22668312768|0.00336077569228
4.58895725471|-74.1617383445|22.0|23.0|439.0|41417.0|365.0|49000.0|588000.0|0.005|0.0|2704.33335645|1.22668312768|0.00336077569228
4.621937|-74.110219|28.0|26.0|440.0|224.0|365.0|49000.0|588000.0|0.005|0.0|2704.33335645|1.22668312768|0.00336077569228
4.617066|-74.094394|30.0|26.0|441.0|263.0|365.0|49000.0|588000.0|0.005|0.0|2704.33335645|1.22668312768|0.00336077569228
4.68648|-74.081569|31.0|33.0|442.0|270.0|365.0|49000.0|588000.0|0.005|0.0|2704.33335645|1.22668312768|0.00336077569228
4.60502|-74.125203|26.0|24.0|443.0|271.0|365.0|49000.0|588000.0|0.005|0.0|2704.33335645|1.22668312768|0.00336077569228
4.620317|-74.099164|29.0|26.0|444.0|273.0|365.0|49000.0|588000.0|0.005|0.0|2704.33335645|1.22668312768|0.00336077569228
4.633759|-74.102578|29.0|28.0|445.0|275.0|365.0|49000.0|588000.0|0.005|0.0|2704.33335645|1.22668312768|0.00336077569228
4.607855|-74.106386|28.0|25.0|446.0|276.0|365.0|49000.0|588000.0|0.005|0.0|2704.33335645|1.22668312768|0.00336077569228
4.621383|-74.091194|30.0|26.0|447.0|277.0|365.0|49000.0|588000.0|0.005|0.0|2704.33335645|1.22668312768|0.00336077569228
4.625573|-74.113374|28.0|27.0|448.0||365.0|49000.0|588000.0|0.005|0.0|2704.33335645|1.22668312768|0.00336077569228
4.623603|-74.092535|30.0|27.0|449.0|282.0|365.0|49000.0|588000.0|0.005|0.0|2704.33335645|1.22668312768|0.00336077569228
4.609079|-74.096535|29.0|25.0|450.0|289.0|365.0|49000.0|588000.0|0.005|0.0|2704.33335645|1.22668312768|0.00336077569228
4.616758|-74.09821|29.0|26.0|451.0|293.0|365.0|49000.0|588000.0|0.005|0.0|2704.33335645|1.22668312768|0.00336077569228
4.622687|-74.124338|26.0|26.0|452.0|349.0|365.0|49000.0|588000.0|0.005|0.0|2704.33335645|1.22668312768|0.00336077569228
4.633904|-74.101451|29.0|28.0|453.0|438.0|365.0|49000.0|588000.0|0.005|0.0|2704.33335645|1.22668312768|0.00336077569228
4.626611|-74.108705|28.0|27.0|454.0|479.0|365.0|49000.0|588000.0|0.005|0.0|2704.33335645|1.22668312768|0.00336077569228
4.632059|-74.111564|28.0|27.0|455.0|501.0|365.0|49000.0|588000.0|0.005|0.0|2704.33335645|1.22668312768|0.00336077569228
4.625219|-74.12048|27.0|27.0|456.0|503.0|365.0|49000.0|588000.0|0.005|0.0|2704.33335645|1.22668312768|0.00336077569228
4.65584795863|-74.1328024478|25.0|30.0|457.0||365.0|588000.0|7056000.0|0.005|0.0|2704.33335645|1.22668312768|0.00336077569228
4.63765|-74.1169666667|27.0|28.0|458.0||365.0|588000.0|7056000.0|0.005|0.0|2704.33335645|1.22668312768|0.00336077569228
4.558567|-74.079709|31.0|19.0|459.0|314.0|365.0|35500.0|426000.0|0.005|0.0|1969.96778825|0.893575580154|0.00244815227439
4.54285555556|-74.1204416667|27.0|18.0|460.0|41325.0|365.0|35500.0|426000.0|0.005|0.0|1969.96778825|0.893575580154|0.00244815227439
4.546417|-74.087277|30.0|18.0|461.0|316.0|365.0|35500.0|426000.0|0.005|0.0|1969.96778825|0.893575580154|0.00244815227439
4.550207|-74.09922|29.0|18.0|462.0|317.0|365.0|35500.0|426000.0|0.005|0.0|1969.96778825|0.893575580154|0.00244815227439
4.518748|-74.091329|30.0|15.0|463.0|318.0|365.0|35500.0|426000.0|0.005|0.0|1969.96778825|0.893575580154|0.00244815227439
4.565806|-74.087929|30.0|20.0|464.0|321.0|365.0|35500.0|426000.0|0.005|0.0|1969.96778825|0.893575580154|0.00244815227439
4.540908|-74.083312|31.0|17.0|465.0|497.0|365.0|35500.0|426000.0|0.005|0.0|1969.96778825|0.893575580154|0.00244815227439
4.529694|-74.08631|31.0|16.0|466.0|512.0|365.0|35500.0|426000.0|0.005|0.0|1969.96778825|0.893575580154|0.00244815227439
4.556155|-74.085664|31.0|19.0|467.0|518.0|365.0|35500.0|426000.0|0.005|0.0|1969.96778825|0.893575580154|0.00244815227439
